refund_date,return_id,return_date_time,order_date_time,refund_reason,cancellation_source,Liability,return_status,cred_order_item_id,return_shipment_status,sku_id,product_name,product_id,family,order_status,merchant_sku,merchant_id,brand,gmv,GST rate,Seller final payout,warehouse_location_code,customer_pincode,awb,warehouse_pincode,fulfilment_type,final_reverse_shipment_cost_including_gst,courier_partner_name,courier_aggregator_name,zone,customer_state,warehouse_state,chargeable_weight_kg,chargeable_weight_kg_final,estimated_reverse_shipment_cost_including_gst
4/10/2024,,,4/4/2024,Fair usage policy breached,CRED,Merchant,,XQ83R8R602JP1,,1dc70fea-bf44-4a8b-9b9d-05b445968c19,unisex sports cap,ef5c7de8-ff6f-47ad-9c85-45874cb12113,fashion_93e,RTO,XTR-CAP-BG,5a4599bd-6546-4d92-a5d3-3a78fcaeb95c,xtrim,279,0.05,179.6857143,XTR560036A,,,,MANAGED,,,,,,,0,0,0
4/9/2024,YZJ1ZJGY94G5J,4/8/2024,4/2/2024,Incorrect product,,Merchant,APPROVED,D5L5E2GW90XNJ,picked,1dc70fea-bf44-4a8b-9b9d-05b445968c19,unisex sports cap,ef5c7de8-ff6f-47ad-9c85-45874cb12113,fashion_93e,RETURNED,XTR-CAP-BG,5a4599bd-6546-4d92-a5d3-3a78fcaeb95c,xtrim,279,0.05,182.1257143,XTR560036A,122001,5861375912,560036,MANAGED,,EcomExpress Reverse Surface,CRED-3PL,C,HARYANA,KARNATAKA,0.6992,0.6992,118
4/1/2024,6D96P2Q8R3VE,3/31/2024,3/28/2024,Product received is different from the image shown,,Merchant,APPROVED,JN3WRE8X064V,in_transit,f74c678b-b708-4d5c-bdcf-5aee8c7b6921,unisex sports cap,ef5c7de8-ff6f-47ad-9c85-45874cb12113,fashion_93e,RETURNED,XTR-CAP-BO,5a4599bd-6546-4d92-a5d3-3a78fcaeb95c,xtrim,249,0.05,150.2571429,XTR560036A,769005,R816923129CRD,560036,MANAGED,,ShadowFax Reverse Qc,CRED-3PL,D,ODISHA,KARNATAKA,0.6992,0.6992,191
4/1/2024,942050DRXZRE,3/31/2024,3/28/2024,Product received is different from the image shown,,Merchant,APPROVED,44YJQ51PZ905,in_transit,1dc70fea-bf44-4a8b-9b9d-05b445968c19,unisex sports cap,ef5c7de8-ff6f-47ad-9c85-45874cb12113,fashion_93e,RETURNED,XTR-CAP-BG,5a4599bd-6546-4d92-a5d3-3a78fcaeb95c,xtrim,249,0.05,158.2571429,XTR560036A,600130,R816918978CRD,560036,MANAGED,,ShadowFax Reverse Qc,CRED-3PL,C,TAMIL NADU,KARNATAKA,0.6992,0.6992,165
4/1/2024,PRN38WQ85E1NN,3/31/2024,3/28/2024,Product received is different from the image shown,,Merchant,APPROVED,GGZDL08W9Y052,in_transit,1dc70fea-bf44-4a8b-9b9d-05b445968c19,unisex sports cap,ef5c7de8-ff6f-47ad-9c85-45874cb12113,fashion_93e,RETURNED,XTR-CAP-BG,5a4599bd-6546-4d92-a5d3-3a78fcaeb95c,xtrim,249,0.05,145.2871429,XTR560036A,132001,R816938749CRD,560036,MANAGED,,ShadowFax Reverse Qc,CRED-3PL,D,HARYANA,KARNATAKA,0.6992,0.6992,191
4/1/2024,RJ5Q6Q255V411,4/1/2024,3/28/2024,Found better price elsewhere,,Merchant,APPROVED,V0PWZX5YRV2W5,in_transit,1dc70fea-bf44-4a8b-9b9d-05b445968c19,unisex sports cap,ef5c7de8-ff6f-47ad-9c85-45874cb12113,fashion_93e,RETURNED,XTR-CAP-BG,5a4599bd-6546-4d92-a5d3-3a78fcaeb95c,xtrim,249,0.05,177.3771429,XTR560036A,560078,R817705627CRD,560036,MANAGED,,ShadowFax Reverse Qc,CRED-3PL,A,KARNATAKA,KARNATAKA,0.6992,0.6992,98
4/2/2024,RP0VZ6DJ3E96X,4/1/2024,3/28/2024,Product received is different from the image shown,,Merchant,APPROVED,9P88G134VX81E,delivered,e0768f9a-8329-4991-9f67-e326ccb99970,unisex sports cap,ef5c7de8-ff6f-47ad-9c85-45874cb12113,fashion_93e,RETURNED,XTR-CAP-GRY,5a4599bd-6546-4d92-a5d3-3a78fcaeb95c,xtrim,249,0.05,158.2571429,XTR560036A,411014,5857667939,560036,MANAGED,,EcomExpress Reverse QC Surface,CRED-3PL,C,MAHARASHTRA,KARNATAKA,0.8,0.8,118
4/2/2024,LRZEV2NQQQNPE,3/31/2024,3/28/2024,I have placed the order by mistake,CUSTOMER,Merchant,APPROVED,ZENYPE5V32VZ0,in_transit,e0768f9a-8329-4991-9f67-e326ccb99970,unisex sports cap,ef5c7de8-ff6f-47ad-9c85-45874cb12113,fashion_93e,RETURNED,XTR-CAP-GRY,5a4599bd-6546-4d92-a5d3-3a78fcaeb95c,xtrim,249,0.05,145.2871429,XTR560036A,390001,R815351678CRD,560036,MANAGED,,ShadowFax Reverse Qc,CRED-3PL,D,GUJARAT,KARNATAKA,0.8,0.8,191
4/2/2024,01J6Q4PJJ0N3,4/1/2024,3/28/2024,Product received is different from the image shown,,Merchant,APPROVED,QQV9062Z284YJ,in_transit,1dc70fea-bf44-4a8b-9b9d-05b445968c19,unisex sports cap,ef5c7de8-ff6f-47ad-9c85-45874cb12113,fashion_93e,RETURNED,XTR-CAP-BG,5a4599bd-6546-4d92-a5d3-3a78fcaeb95c,xtrim,249,0.05,153.2871429,XTR560036A,400607,R817826006CRD,560036,MANAGED,,ShadowFax Reverse Qc,CRED-3PL,C,MAHARASHTRA,KARNATAKA,0.6992,0.6992,118
4/2/2024,9EEZP8V30D899,4/2/2024,3/28/2024,Product received is different from the image shown,,Merchant,APPROVED,4NQWWWZR280JL,in_transit,1dc70fea-bf44-4a8b-9b9d-05b445968c19,unisex sports cap,ef5c7de8-ff6f-47ad-9c85-45874cb12113,fashion_93e,RETURNED,XTR-CAP-BG,5a4599bd-6546-4d92-a5d3-3a78fcaeb95c,xtrim,249,0.05,158.2571429,XTR560036A,110058,R817943398CRD,560036,MANAGED,,ShadowFax Reverse Qc,CRED-3PL,C,DELHI,KARNATAKA,0.6992,0.6992,118
4/2/2024,GYN23GJ0Q9V58,3/31/2024,3/28/2024,Product received is different from the image shown,,Merchant,APPROVED,J9R6WL59PVZ81,in_transit,1dc70fea-bf44-4a8b-9b9d-05b445968c19,unisex sports cap,ef5c7de8-ff6f-47ad-9c85-45874cb12113,fashion_93e,RETURNED,XTR-CAP-BG,5a4599bd-6546-4d92-a5d3-3a78fcaeb95c,xtrim,249,0.05,153.2871429,XTR560036A,122001,R816845540CRD,560036,MANAGED,,ShadowFax Reverse Qc,CRED-3PL,C,HARYANA,KARNATAKA,0.6992,0.6992,165
4/3/2024,EN2Q6J6GLR32,4/3/2024,3/28/2024,Product received is different from the image shown,,Merchant,APPROVED,4RVJZN3ZQDG6P,in_transit,1dc70fea-bf44-4a8b-9b9d-05b445968c19,unisex sports cap,ef5c7de8-ff6f-47ad-9c85-45874cb12113,fashion_93e,RETURNED,XTR-CAP-BG,5a4599bd-6546-4d92-a5d3-3a78fcaeb95c,xtrim,249,0.05,158.2571429,XTR560036A,201304,R818777077CRD,560036,MANAGED,,ShadowFax Reverse Qc,CRED-3PL,C,UTTAR PRADESH,KARNATAKA,0.6992,0.6992,118
4/3/2024,4NDN0N3GGYNQ9,4/2/2024,3/28/2024,Product received is different from the image shown,,Merchant,APPROVED,JZPDQ65GQGPWL,in_transit,1dc70fea-bf44-4a8b-9b9d-05b445968c19,unisex sports cap,ef5c7de8-ff6f-47ad-9c85-45874cb12113,fashion_93e,RETURNED,XTR-CAP-BG,5a4599bd-6546-4d92-a5d3-3a78fcaeb95c,xtrim,249,0.05,153.2871429,XTR560036A,502032,R818069971CRD,560036,MANAGED,,ShadowFax Reverse Qc,CRED-3PL,C,TELANGANA,KARNATAKA,0.6992,0.6992,118
4/4/2024,,,3/28/2024,Merchant unable to fulfil order,USER,Merchant,,ZN14EG600VNQ,,f74c678b-b708-4d5c-bdcf-5aee8c7b6921,unisex sports cap,ef5c7de8-ff6f-47ad-9c85-45874cb12113,fashion_93e,CANCELLED,XTR-CAP-BO,5a4599bd-6546-4d92-a5d3-3a78fcaeb95c,xtrim,249,0.05,150.2571429,XTR560036A,,,,MANAGED,,,,,,,0,0,0
4/4/2024,9E255WNNQZZNE,4/3/2024,3/28/2024,Defective item,,Merchant,APPROVED,R0868D8640N3,in_transit,e0768f9a-8329-4991-9f67-e326ccb99970,unisex sports cap,ef5c7de8-ff6f-47ad-9c85-45874cb12113,fashion_93e,RETURNED,XTR-CAP-GRY,5a4599bd-6546-4d92-a5d3-3a78fcaeb95c,xtrim,249,0.05,145.2871429,XTR560036A,385001,R819302299CRD,560036,MANAGED,,ShadowFax Reverse Qc,CRED-3PL,D,GUJARAT,KARNATAKA,0.8,0.8,126
4/4/2024,0XVRWZJJVGV5G,4/4/2024,3/28/2024,Defective item,,Merchant,APPROVED,163ELW3Z4G5DW,in_transit,e0768f9a-8329-4991-9f67-e326ccb99970,unisex sports cap,ef5c7de8-ff6f-47ad-9c85-45874cb12113,fashion_93e,RETURNED,XTR-CAP-GRY,5a4599bd-6546-4d92-a5d3-3a78fcaeb95c,xtrim,249,0.05,153.2871429,XTR560036A,400708,R819995841CRD,560036,MANAGED,,ShadowFax Reverse Qc,CRED-3PL,C,MAHARASHTRA,KARNATAKA,0.8,0.8,118
4/4/2024,NJ8DGNGYDP6X0,4/3/2024,3/28/2024,Incorrect product,,Merchant,APPROVED,99EEQ10RN2P0V,in_transit,f74c678b-b708-4d5c-bdcf-5aee8c7b6921,unisex sports cap,ef5c7de8-ff6f-47ad-9c85-45874cb12113,fashion_93e,RETURNED,XTR-CAP-BO,5a4599bd-6546-4d92-a5d3-3a78fcaeb95c,xtrim,249,0.05,145.3771429,XTR560036A,482003,R819439309CRD,560036,MANAGED,,ShadowFax Reverse,CRED-3PL,D,MADHYA PRADESH,KARNATAKA,0.6992,0.6992,126
4/5/2024,NEX3RE85XQX3Y,4/2/2024,3/28/2024,Product received is different from the image shown,,Merchant,APPROVED,EN86P88NRZJ1R,in_transit,f74c678b-b708-4d5c-bdcf-5aee8c7b6921,unisex sports cap,ef5c7de8-ff6f-47ad-9c85-45874cb12113,fashion_93e,RETURNED,XTR-CAP-BO,5a4599bd-6546-4d92-a5d3-3a78fcaeb95c,xtrim,249,0.05,145.2871429,XTR560036A,490006,R818620160CRD,560036,MANAGED,,ShadowFax Reverse Qc,CRED-3PL,D,CHATTISGARH,KARNATAKA,0.6992,0.6992,126
4/5/2024,1NEW6PR4DX5PP,4/4/2024,3/28/2024,Missing items,,Merchant,APPROVED,N86ELEY122R24,in_transit,2966d301-fce9-4e47-89a9-96f97963151c,Skull caps - pack of 3,15d6a42b-6e1d-4d4e-9057-c0a446fe89d0,fashion_93e,RETURNED,EF-XT-SKL-ONG-BLK-KKI-P3,5a4599bd-6546-4d92-a5d3-3a78fcaeb95c,xtrim,309,0.05,261.5542857,XTR560036A,520004,R820054428CRD,560036,MANAGED,,ShadowFax Reverse,CRED-3PL,D,ANDHRA PRADESH,KARNATAKA,0.01,0.01,67
4/5/2024,0J1JQ9GLVWV1,4/5/2024,3/28/2024,Product received is different from the image shown,,Merchant,APPROVED,239RD1Z80JZXL,in_transit,1dc70fea-bf44-4a8b-9b9d-05b445968c19,unisex sports cap,ef5c7de8-ff6f-47ad-9c85-45874cb12113,fashion_93e,RETURNED,XTR-CAP-BG,5a4599bd-6546-4d92-a5d3-3a78fcaeb95c,xtrim,249,0.05,145.2871429,XTR560036A,143001,5863582778,560036,MANAGED,,EcomExpress Reverse QC Surface,CRED-3PL,D,PUNJAB,KARNATAKA,0.6992,0.6992,126
4/5/2024,WE036NED46VZ1,4/5/2024,3/28/2024,Defective item,,Merchant,APPROVED,VQPGYWE0GWJ6X,in_transit,1dc70fea-bf44-4a8b-9b9d-05b445968c19,unisex sports cap,ef5c7de8-ff6f-47ad-9c85-45874cb12113,fashion_93e,RETURNED,XTR-CAP-BG,5a4599bd-6546-4d92-a5d3-3a78fcaeb95c,xtrim,299,0.05,201.3447619,XTR560036A,700039,5863582783,560036,MANAGED,,EcomExpress Reverse QC Surface,CRED-3PL,C,WEST BENGAL,KARNATAKA,0.6992,0.6992,118
4/6/2024,,,3/28/2024,initiating refund due to item marked as RTO,,Merchant,,ZEWEG25YGWYGX,,f74c678b-b708-4d5c-bdcf-5aee8c7b6921,unisex sports cap,ef5c7de8-ff6f-47ad-9c85-45874cb12113,fashion_93e,RTO,XTR-CAP-BO,5a4599bd-6546-4d92-a5d3-3a78fcaeb95c,xtrim,249,0.05,145.2871429,XTR560036A,,,,MANAGED,,,,,,,0,0,0
4/6/2024,4WV8GQE4Q54W,4/4/2024,3/28/2024,Product received is different from the image shown,,Merchant,APPROVED,LGR5VY495E2RW,in_transit,1dc70fea-bf44-4a8b-9b9d-05b445968c19,unisex sports cap,ef5c7de8-ff6f-47ad-9c85-45874cb12113,fashion_93e,RETURNED,XTR-CAP-BG,5a4599bd-6546-4d92-a5d3-3a78fcaeb95c,xtrim,249,0.05,158.2571429,XTR560036A,411036,R819522702CRD,560036,MANAGED,,ShadowFax Reverse Qc,CRED-3PL,C,MAHARASHTRA,KARNATAKA,0.6992,0.6992,118
4/7/2024,,,3/28/2024,initiating refund due to item marked as RTO,,Merchant,,ZEYWL34R30N5L,,f74c678b-b708-4d5c-bdcf-5aee8c7b6921,unisex sports cap,ef5c7de8-ff6f-47ad-9c85-45874cb12113,fashion_93e,RTO,XTR-CAP-BO,5a4599bd-6546-4d92-a5d3-3a78fcaeb95c,xtrim,249,0.05,158.2571429,XTR560036A,,,,MANAGED,,,,,,,0,0,0
4/7/2024,XQ59PEWXZ8RZ,4/6/2024,3/28/2024,Product received is different from the image shown,,Merchant,APPROVED,WL1Y098PRP94N,shipped,1dc70fea-bf44-4a8b-9b9d-05b445968c19,unisex sports cap,ef5c7de8-ff6f-47ad-9c85-45874cb12113,fashion_93e,RETURNED,XTR-CAP-BG,5a4599bd-6546-4d92-a5d3-3a78fcaeb95c,xtrim,249,0.05,144.9671429,XTR560036A,522503,5863582853,560036,MANAGED,,EcomExpress Reverse QC Surface,CRED-3PL,D,ANDHRA PRADESH,KARNATAKA,0.6992,0.6992,126
4/8/2024,,,3/28/2024,initiating refund due to item marked as RTO,,Merchant,,Z0RDRJDRE9EE,,1dc70fea-bf44-4a8b-9b9d-05b445968c19,unisex sports cap,ef5c7de8-ff6f-47ad-9c85-45874cb12113,fashion_93e,RTO,XTR-CAP-BG,5a4599bd-6546-4d92-a5d3-3a78fcaeb95c,xtrim,249,0.05,158.2571429,XTR560036A,,,,MANAGED,,,,,,,0,0,0
4/8/2024,,,3/28/2024,initiating refund due to item marked as CANCELLED,,Merchant,,REVQPPRG3QZY4,,1dc70fea-bf44-4a8b-9b9d-05b445968c19,unisex sports cap,ef5c7de8-ff6f-47ad-9c85-45874cb12113,fashion_93e,CANCELLED,XTR-CAP-BG,5a4599bd-6546-4d92-a5d3-3a78fcaeb95c,xtrim,249,0.05,239.2871429,XTR560036A,,,,MANAGED,,,,,,,0,0,0
4/1/2024,E85QRED9LWP61,3/31/2024,3/27/2024,Product received is different from the image shown,,Merchant,APPROVED,E1RZN8Y45J3L,in_transit,f74c678b-b708-4d5c-bdcf-5aee8c7b6921,unisex sports cap,ef5c7de8-ff6f-47ad-9c85-45874cb12113,fashion_93e,RETURNED,XTR-CAP-BO,5a4599bd-6546-4d92-a5d3-3a78fcaeb95c,xtrim,249,0.05,153.2871429,XTR560036A,110041,R816794565CRD,560036,MANAGED,,ShadowFax Reverse Qc,CRED-3PL,C,DELHI,KARNATAKA,0.6992,0.6992,165
4/1/2024,ZPG2ZGYQE5ZR,3/31/2024,3/27/2024,Product received is different from the image shown,,Merchant,APPROVED,89RWN340W34XY,in_transit,1dc70fea-bf44-4a8b-9b9d-05b445968c19,unisex sports cap,ef5c7de8-ff6f-47ad-9c85-45874cb12113,fashion_93e,RETURNED,XTR-CAP-BG,5a4599bd-6546-4d92-a5d3-3a78fcaeb95c,xtrim,249,0.05,145.2871429,XTR560036A,506002,R816976929CRD,560036,MANAGED,,ShadowFax Reverse Qc,CRED-3PL,D,TELANGANA,KARNATAKA,0.6992,0.6992,191
4/1/2024,9904R9XNL1EXL,3/31/2024,3/27/2024,Defective item,,Merchant,APPROVED,5QN0D58Y0ZDY9,in_transit,e0768f9a-8329-4991-9f67-e326ccb99970,unisex sports cap,ef5c7de8-ff6f-47ad-9c85-45874cb12113,fashion_93e,RETURNED,XTR-CAP-GRY,5a4599bd-6546-4d92-a5d3-3a78fcaeb95c,xtrim,249,0.05,158.2571429,XTR560036A,500072,R816910318CRD,560036,MANAGED,,ShadowFax Reverse Qc,CRED-3PL,C,TELANGANA,KARNATAKA,0.8,0.8,165
4/1/2024,L4V8Y0DX8EP4G,3/30/2024,3/27/2024,Defective item,,Merchant,APPROVED,5QL2RDLVL4ND6,in_transit,f74c678b-b708-4d5c-bdcf-5aee8c7b6921,unisex sports cap,ef5c7de8-ff6f-47ad-9c85-45874cb12113,fashion_93e,RETURNED,XTR-CAP-BO,5a4599bd-6546-4d92-a5d3-3a78fcaeb95c,xtrim,249,0.05,152.9671429,XTR560036A,700008,R815132349CRD,560036,MANAGED,,ShadowFax Reverse Qc,CRED-3PL,C,WEST BENGAL,KARNATAKA,0.6992,0.6992,165
4/1/2024,PRJ9RW8E4Q4J9,4/1/2024,3/27/2024,Product received is different from the image shown,,Merchant,APPROVED,XQDE112ED38Q9,in_transit,1dc70fea-bf44-4a8b-9b9d-05b445968c19,unisex sports cap,ef5c7de8-ff6f-47ad-9c85-45874cb12113,fashion_93e,RETURNED,XTR-CAP-BG,5a4599bd-6546-4d92-a5d3-3a78fcaeb95c,xtrim,249,0.05,153.2871429,XTR560036A,421501,R817656170CRD,560036,MANAGED,,ShadowFax Reverse Qc,CRED-3PL,C,MAHARASHTRA,KARNATAKA,0.6992,0.6992,118
4/1/2024,4NZY3G4JQVPP1,3/31/2024,3/27/2024,Product received is different from the image shown,,Merchant,APPROVED,44QV2PJ9R11D,in_transit,f74c678b-b708-4d5c-bdcf-5aee8c7b6921,unisex sports cap,ef5c7de8-ff6f-47ad-9c85-45874cb12113,fashion_93e,RETURNED,XTR-CAP-BO,5a4599bd-6546-4d92-a5d3-3a78fcaeb95c,xtrim,249,0.05,144.9671429,XTR560036A,263148,R816967602CRD,560036,MANAGED,,ShadowFax Reverse Qc,CRED-3PL,D,UTTARAKHAND,KARNATAKA,0.6992,0.6992,191
4/1/2024,PRRR53Y1WEGG1,4/1/2024,3/27/2024,Product received is different from the image shown,,Merchant,APPROVED,8LVNY2PN2RLPL,delivered,1dc70fea-bf44-4a8b-9b9d-05b445968c19,unisex sports cap,ef5c7de8-ff6f-47ad-9c85-45874cb12113,fashion_93e,RETURNED,XTR-CAP-BG,5a4599bd-6546-4d92-a5d3-3a78fcaeb95c,xtrim,249,0.05,145.2871429,XTR560036A,524314,5857667908,560036,MANAGED,,EcomExpress Reverse QC Surface,CRED-3PL,D,ANDHRA PRADESH,KARNATAKA,0.6992,0.6992,126
4/1/2024,XZPWY91N5WPN9,3/31/2024,3/27/2024,Found better price elsewhere,,Merchant,APPROVED,23Y4XZD08DJ46,delivered,f74c678b-b708-4d5c-bdcf-5aee8c7b6921,unisex sports cap,ef5c7de8-ff6f-47ad-9c85-45874cb12113,fashion_93e,RETURNED,XTR-CAP-BO,5a4599bd-6546-4d92-a5d3-3a78fcaeb95c,xtrim,249,0.05,145.2871429,XTR560036A,473551,5857667860,560036,MANAGED,,EcomExpress Reverse QC Surface,CRED-3PL,D,MADHYA PRADESH,KARNATAKA,0.6992,0.6992,191
4/1/2024,E88Q5DJ8WYY4Z,3/31/2024,3/27/2024,Found better price elsewhere,,Merchant,APPROVED,EGR3JPW1X5PJ,in_transit,e0768f9a-8329-4991-9f67-e326ccb99970,unisex sports cap,ef5c7de8-ff6f-47ad-9c85-45874cb12113,fashion_93e,RETURNED,XTR-CAP-GRY,5a4599bd-6546-4d92-a5d3-3a78fcaeb95c,xtrim,249,0.05,177.2871429,XTR560036A,560092,R816771519CRD,560036,MANAGED,,ShadowFax Reverse Qc,CRED-3PL,A,KARNATAKA,KARNATAKA,0.8,0.8,126
4/1/2024,E5XGD5D04N64X,3/31/2024,3/27/2024,Defective item,,Merchant,APPROVED,GGY29WDPN940D,in_transit,1dc70fea-bf44-4a8b-9b9d-05b445968c19,unisex sports cap,ef5c7de8-ff6f-47ad-9c85-45874cb12113,fashion_93e,RETURNED,XTR-CAP-BG,5a4599bd-6546-4d92-a5d3-3a78fcaeb95c,xtrim,249,0.05,153.2871429,XTR560036A,500019,R816776119CRD,560036,MANAGED,,ShadowFax Reverse Qc,CRED-3PL,C,TELANGANA,KARNATAKA,0.6992,0.6992,165
4/1/2024,288G85X36V928,3/31/2024,3/27/2024,Found better price elsewhere,,Merchant,APPROVED,4Q49WNP8ERGJ3,delivered,f74c678b-b708-4d5c-bdcf-5aee8c7b6921,unisex sports cap,ef5c7de8-ff6f-47ad-9c85-45874cb12113,fashion_93e,RETURNED,XTR-CAP-BO,5a4599bd-6546-4d92-a5d3-3a78fcaeb95c,xtrim,249,0.05,150.2571429,XTR560036A,143001,5857667848,560036,MANAGED,,EcomExpress Reverse QC Surface,CRED-3PL,D,PUNJAB,KARNATAKA,0.6992,0.6992,191
4/1/2024,,,3/27/2024,I found a cheaper price elsewhere,CUSTOMER,Merchant,,NJ16D5V8E84W4,,1dc70fea-bf44-4a8b-9b9d-05b445968c19,unisex sports cap,ef5c7de8-ff6f-47ad-9c85-45874cb12113,fashion_93e,RTO,XTR-CAP-BG,5a4599bd-6546-4d92-a5d3-3a78fcaeb95c,xtrim,249,0.05,145.2871429,XTR560036A,,,,MANAGED,,,,,,,0,0,0
4/1/2024,0E960L92VQ6Z,4/1/2024,3/27/2024,Product received is different from the image shown,,Merchant,APPROVED,9J5XV9L8N38G,in_transit,1dc70fea-bf44-4a8b-9b9d-05b445968c19,unisex sports cap,ef5c7de8-ff6f-47ad-9c85-45874cb12113,fashion_93e,RETURNED,XTR-CAP-BG,5a4599bd-6546-4d92-a5d3-3a78fcaeb95c,xtrim,249,0.05,153.3771429,XTR560036A,110035,R817624249CRD,560036,MANAGED,,ShadowFax Reverse Qc,CRED-3PL,C,DELHI,KARNATAKA,0.6992,0.6992,118
4/1/2024,16V28LLD2NQL3,4/1/2024,3/27/2024,Defective item,,Merchant,APPROVED,VJYX3N5WE2Z9,in_transit,1dc70fea-bf44-4a8b-9b9d-05b445968c19,unisex sports cap,ef5c7de8-ff6f-47ad-9c85-45874cb12113,fashion_93e,RETURNED,XTR-CAP-BG,5a4599bd-6546-4d92-a5d3-3a78fcaeb95c,xtrim,249,0.05,153.2871429,XTR560036A,110052,R817666790CRD,560036,MANAGED,,ShadowFax Reverse Qc,CRED-3PL,C,DELHI,KARNATAKA,0.6992,0.6992,118
4/1/2024,2030WXW6QYE0,4/1/2024,3/27/2024,Product received is different from the image shown,,Merchant,APPROVED,6JR26201VXYRP,in_transit,1dc70fea-bf44-4a8b-9b9d-05b445968c19,unisex sports cap,ef5c7de8-ff6f-47ad-9c85-45874cb12113,fashion_93e,RETURNED,XTR-CAP-BG,5a4599bd-6546-4d92-a5d3-3a78fcaeb95c,xtrim,249,0.05,150.2571429,XTR560036A,395001,R817324391CRD,560036,MANAGED,,ShadowFax Reverse Qc,CRED-3PL,D,GUJARAT,KARNATAKA,0.6992,0.6992,126
4/1/2024,0592QR4V5YDGR,3/31/2024,3/27/2024,"Only product is damaged, shipping box is OK",,Merchant,APPROVED,0DVQ66NGW68Y,in_transit,f74c678b-b708-4d5c-bdcf-5aee8c7b6921,unisex sports cap,ef5c7de8-ff6f-47ad-9c85-45874cb12113,fashion_93e,RETURNED,XTR-CAP-BO,5a4599bd-6546-4d92-a5d3-3a78fcaeb95c,xtrim,249,0.05,144.9671429,XTR560036A,515004,R816799645CRD,560036,MANAGED,,ShadowFax Reverse Qc,CRED-3PL,D,ANDHRA PRADESH,KARNATAKA,0.6992,0.6992,191
4/1/2024,NG45PN2G12LX,4/1/2024,3/27/2024,Found better price elsewhere,,Merchant,APPROVED,W2Q5P4VE1ZZY,in_transit,1dc70fea-bf44-4a8b-9b9d-05b445968c19,unisex sports cap,ef5c7de8-ff6f-47ad-9c85-45874cb12113,fashion_93e,RETURNED,XTR-CAP-BG,5a4599bd-6546-4d92-a5d3-3a78fcaeb95c,xtrim,249,0.05,158.2571429,XTR560036A,500032,R817038152CRD,560036,MANAGED,,ShadowFax Reverse Qc,CRED-3PL,C,TELANGANA,KARNATAKA,0.6992,0.6992,118
4/1/2024,4NV8X818YNXL9,4/1/2024,3/27/2024,Product received is different from the image shown,,Merchant,APPROVED,16NRJNW1RQDG,in_transit,f74c678b-b708-4d5c-bdcf-5aee8c7b6921,unisex sports cap,ef5c7de8-ff6f-47ad-9c85-45874cb12113,fashion_93e,RETURNED,XTR-CAP-BO,5a4599bd-6546-4d92-a5d3-3a78fcaeb95c,xtrim,249,0.05,152.9671429,XTR560036A,110089,R817747917CRD,560036,MANAGED,,ShadowFax Reverse Qc,CRED-3PL,C,DELHI,KARNATAKA,0.6992,0.6992,118
4/1/2024,9Q024594L1Y3,4/1/2024,3/27/2024,Incorrect product,,Merchant,APPROVED,QPP0Z4211LVW8,in_transit,f74c678b-b708-4d5c-bdcf-5aee8c7b6921,unisex sports cap,ef5c7de8-ff6f-47ad-9c85-45874cb12113,fashion_93e,RETURNED,XTR-CAP-BO,5a4599bd-6546-4d92-a5d3-3a78fcaeb95c,xtrim,249,0.05,158.2571429,XTR560036A,421302,R817048516CRD,560036,MANAGED,,ShadowFax Reverse,CRED-3PL,C,MAHARASHTRA,KARNATAKA,0.6992,0.6992,118
4/1/2024,NJVQ3NL8RVJJ1,3/30/2024,3/27/2024,Found better price elsewhere,,Merchant,APPROVED,P5V9DP9Y6L32,in_transit,e0768f9a-8329-4991-9f67-e326ccb99970,unisex sports cap,ef5c7de8-ff6f-47ad-9c85-45874cb12113,fashion_93e,RETURNED,XTR-CAP-GRY,5a4599bd-6546-4d92-a5d3-3a78fcaeb95c,xtrim,249,0.05,153.2871429,XTR560036A,122051,R815136584CRD,560036,MANAGED,,ShadowFax Reverse Qc,CRED-3PL,C,HARYANA,KARNATAKA,0.8,0.8,165
4/1/2024,0Z8JY90810Y0,3/31/2024,3/27/2024,Product received is different from the image shown,,Merchant,APPROVED,LGELP6162PDWE,delivered,1dc70fea-bf44-4a8b-9b9d-05b445968c19,unisex sports cap,ef5c7de8-ff6f-47ad-9c85-45874cb12113,fashion_93e,RETURNED,XTR-CAP-BG,5a4599bd-6546-4d92-a5d3-3a78fcaeb95c,xtrim,249,0.05,153.2871429,XTR560036A,411057,5857667800,560036,MANAGED,,EcomExpress Reverse QC Surface,CRED-3PL,C,MAHARASHTRA,KARNATAKA,0.6992,0.6992,165
4/2/2024,,,3/27/2024,initiating refund due to item marked as RTO,,Merchant,,VQ1986XQ2NRPN,,1dc70fea-bf44-4a8b-9b9d-05b445968c19,unisex sports cap,ef5c7de8-ff6f-47ad-9c85-45874cb12113,fashion_93e,RTO,XTR-CAP-BG,5a4599bd-6546-4d92-a5d3-3a78fcaeb95c,xtrim,249,0.05,153.2871429,XTR560036A,,,,MANAGED,,,,,,,0,0,0
4/2/2024,,,3/27/2024,Pincode not serviceable,USER,Merchant,,89W1J8VRX8DP1,,1dc70fea-bf44-4a8b-9b9d-05b445968c19,unisex sports cap,ef5c7de8-ff6f-47ad-9c85-45874cb12113,fashion_93e,CANCELLED,XTR-CAP-BG,5a4599bd-6546-4d92-a5d3-3a78fcaeb95c,xtrim,249,0.05,145.2871429,XTR560036A,,,,MANAGED,,,,,,,0,0,0
4/2/2024,PP0XZWYYLQ5W,4/1/2024,3/27/2024,Defective item,,Merchant,APPROVED,2WXYP0YZX43X,in_transit,e0768f9a-8329-4991-9f67-e326ccb99970,unisex sports cap,ef5c7de8-ff6f-47ad-9c85-45874cb12113,fashion_93e,RETURNED,XTR-CAP-GRY,5a4599bd-6546-4d92-a5d3-3a78fcaeb95c,xtrim,249,0.05,153.2871429,XTR560036A,201204,R817634396CRD,560036,MANAGED,,ShadowFax Reverse Qc,CRED-3PL,C,UTTAR PRADESH,KARNATAKA,0.8,0.8,118
4/2/2024,GGP89X9G6L40Y,4/1/2024,3/27/2024,Product received is different from the image shown,,Merchant,APPROVED,2WR0VLN6WRWZ,in_transit,e0768f9a-8329-4991-9f67-e326ccb99970,unisex sports cap,ef5c7de8-ff6f-47ad-9c85-45874cb12113,fashion_93e,RETURNED,XTR-CAP-GRY,5a4599bd-6546-4d92-a5d3-3a78fcaeb95c,xtrim,249,0.05,153.2871429,XTR560036A,533106,R817841699CRD,560036,MANAGED,,ShadowFax Reverse Qc,CRED-3PL,C,ANDHRA PRADESH,KARNATAKA,0.8,0.8,118
4/2/2024,9PELEN6ZGX1V0,4/1/2024,3/27/2024,Product received is different from the image shown,,Merchant,APPROVED,P2DNJ8XWDG4L1,in_transit,1dc70fea-bf44-4a8b-9b9d-05b445968c19,unisex sports cap,ef5c7de8-ff6f-47ad-9c85-45874cb12113,fashion_93e,RETURNED,XTR-CAP-BG,5a4599bd-6546-4d92-a5d3-3a78fcaeb95c,xtrim,249,0.05,153.2871429,XTR560036A,122001,R817623769CRD,560036,MANAGED,,ShadowFax Reverse Qc,CRED-3PL,C,HARYANA,KARNATAKA,0.6992,0.6992,118
4/2/2024,RP4Z4WV8ND662,3/31/2024,3/27/2024,Product received is different from the image shown,,Merchant,APPROVED,LRLQ5WX65D28,in_transit,f74c678b-b708-4d5c-bdcf-5aee8c7b6921,unisex sports cap,ef5c7de8-ff6f-47ad-9c85-45874cb12113,fashion_93e,RETURNED,XTR-CAP-BO,5a4599bd-6546-4d92-a5d3-3a78fcaeb95c,xtrim,249,0.05,153.3771429,XTR560036A,500036,R816793734CRD,560036,MANAGED,,ShadowFax Reverse Qc,CRED-3PL,C,TELANGANA,KARNATAKA,0.6992,0.6992,165
4/2/2024,892ERQRE9Q2Q3,4/1/2024,3/27/2024,Found better price elsewhere,,Merchant,APPROVED,R5W2VDJW846Q,in_transit,1dc70fea-bf44-4a8b-9b9d-05b445968c19,unisex sports cap,ef5c7de8-ff6f-47ad-9c85-45874cb12113,fashion_93e,RETURNED,XTR-CAP-BG,5a4599bd-6546-4d92-a5d3-3a78fcaeb95c,xtrim,249,0.05,158.2571429,XTR560036A,533001,R817864479CRD,560036,MANAGED,,ShadowFax Reverse Qc,CRED-3PL,C,ANDHRA PRADESH,KARNATAKA,0.6992,0.6992,118
4/2/2024,Z8453R41LE969,4/1/2024,3/27/2024,Found better price elsewhere,,Merchant,APPROVED,16VV60QRZZWWZ,in_transit,f74c678b-b708-4d5c-bdcf-5aee8c7b6921,unisex sports cap,ef5c7de8-ff6f-47ad-9c85-45874cb12113,fashion_93e,RETURNED,XTR-CAP-BO,5a4599bd-6546-4d92-a5d3-3a78fcaeb95c,xtrim,249,0.05,152.9671429,XTR560036A,600058,R817787496CRD,560036,MANAGED,,ShadowFax Reverse Qc,CRED-3PL,C,TAMIL NADU,KARNATAKA,0.6992,0.6992,118
4/2/2024,QQE5QD5QP1L8P,3/30/2024,3/27/2024,Product received is different from the image shown,,Merchant,APPROVED,D9N49LYZDXL3,in_transit,1dc70fea-bf44-4a8b-9b9d-05b445968c19,unisex sports cap,ef5c7de8-ff6f-47ad-9c85-45874cb12113,fashion_93e,RETURNED,XTR-CAP-BG,5a4599bd-6546-4d92-a5d3-3a78fcaeb95c,xtrim,249,0.05,182.2571429,XTR560036A,560049,R815134257CRD,560036,MANAGED,,ShadowFax Reverse Qc,CRED-3PL,A,KARNATAKA,KARNATAKA,0.6992,0.6992,126
4/2/2024,RD8LPXYEWQYR,4/1/2024,3/27/2024,Found better price elsewhere,,Merchant,APPROVED,894X4V8X5W1N6,delivered,f74c678b-b708-4d5c-bdcf-5aee8c7b6921,unisex sports cap,ef5c7de8-ff6f-47ad-9c85-45874cb12113,fashion_93e,RETURNED,XTR-CAP-BO,5a4599bd-6546-4d92-a5d3-3a78fcaeb95c,xtrim,249,0.05,153.2871429,XTR560036A,410206,5857667926,560036,MANAGED,,EcomExpress Reverse QC Surface,CRED-3PL,C,MAHARASHTRA,KARNATAKA,0.6992,0.6992,118
4/2/2024,0JZWYLPEL822,4/1/2024,3/27/2024,Product received is different from the image shown,,Merchant,APPROVED,166J541J6X08Z,in_transit,1dc70fea-bf44-4a8b-9b9d-05b445968c19,unisex sports cap,ef5c7de8-ff6f-47ad-9c85-45874cb12113,fashion_93e,RETURNED,XTR-CAP-BG,5a4599bd-6546-4d92-a5d3-3a78fcaeb95c,xtrim,249,0.05,153.2871429,XTR560036A,411023,R817689464CRD,560036,MANAGED,,ShadowFax Reverse Qc,CRED-3PL,C,MAHARASHTRA,KARNATAKA,0.6992,0.6992,118
4/2/2024,283R101R9EJV,3/31/2024,3/27/2024,Product received is different from the image shown,,Merchant,APPROVED,6JZPJPZ0V3LQP,in_transit,1dc70fea-bf44-4a8b-9b9d-05b445968c19,unisex sports cap,ef5c7de8-ff6f-47ad-9c85-45874cb12113,fashion_93e,RETURNED,XTR-CAP-BG,5a4599bd-6546-4d92-a5d3-3a78fcaeb95c,xtrim,249,0.05,153.2871429,XTR560036A,110081,R816976948CRD,560036,MANAGED,,ShadowFax Reverse Qc,CRED-3PL,C,DELHI,KARNATAKA,0.6992,0.6992,165
4/2/2024,24GPEWL4L42Z,4/2/2024,3/27/2024,Product received is different from the image shown,,Merchant,APPROVED,8L5Y38WELQVLJ,in_transit,1dc70fea-bf44-4a8b-9b9d-05b445968c19,unisex sports cap,ef5c7de8-ff6f-47ad-9c85-45874cb12113,fashion_93e,RETURNED,XTR-CAP-BG,5a4599bd-6546-4d92-a5d3-3a78fcaeb95c,xtrim,249,0.05,145.2871429,XTR560036A,453555,R818538932CRD,560036,MANAGED,,ShadowFax Reverse Qc,CRED-3PL,D,MADHYA PRADESH,KARNATAKA,0.6992,0.6992,126
4/2/2024,160PVNG2690Z6,4/1/2024,3/27/2024,Product received is different from the image shown,,Merchant,APPROVED,23D3620JWPDJV,in_transit,e0768f9a-8329-4991-9f67-e326ccb99970,unisex sports cap,ef5c7de8-ff6f-47ad-9c85-45874cb12113,fashion_93e,RETURNED,XTR-CAP-GRY,5a4599bd-6546-4d92-a5d3-3a78fcaeb95c,xtrim,249,0.05,153.2871429,XTR560036A,400067,R817756499CRD,560036,MANAGED,,ShadowFax Reverse Qc,CRED-3PL,C,MAHARASHTRA,KARNATAKA,0.8,0.8,118
4/2/2024,NJDD2RJZGXWZX,4/2/2024,3/27/2024,Product received is different from the image shown,,Merchant,APPROVED,R6GDLN0NN9EX,in_transit,f74c678b-b708-4d5c-bdcf-5aee8c7b6921,unisex sports cap,ef5c7de8-ff6f-47ad-9c85-45874cb12113,fashion_93e,RETURNED,XTR-CAP-BO,5a4599bd-6546-4d92-a5d3-3a78fcaeb95c,xtrim,249,0.05,153.2871429,XTR560036A,121001,R818529304CRD,560036,MANAGED,,ShadowFax Reverse Qc,CRED-3PL,C,HARYANA,KARNATAKA,0.6992,0.6992,118
4/2/2024,3V9604YRW0LY,4/1/2024,3/27/2024,Product received is different from the image shown,,Merchant,APPROVED,QQG4LE9PY52VE,in_transit,f74c678b-b708-4d5c-bdcf-5aee8c7b6921,unisex sports cap,ef5c7de8-ff6f-47ad-9c85-45874cb12113,fashion_93e,RETURNED,XTR-CAP-BO,5a4599bd-6546-4d92-a5d3-3a78fcaeb95c,xtrim,249,0.05,145.2871429,XTR560036A,250002,R817698952CRD,560036,MANAGED,,ShadowFax Reverse Qc,CRED-3PL,D,UTTAR PRADESH,KARNATAKA,0.6992,0.6992,126
4/2/2024,E8LJJXWPLZG2P,4/2/2024,3/27/2024,Incorrect product,,Merchant,APPROVED,XQ9PL849PYW1P,in_transit,1dc70fea-bf44-4a8b-9b9d-05b445968c19,unisex sports cap,ef5c7de8-ff6f-47ad-9c85-45874cb12113,fashion_93e,RETURNED,XTR-CAP-BG,5a4599bd-6546-4d92-a5d3-3a78fcaeb95c,xtrim,249,0.05,145.2871429,XTR560036A,751024,R818539126CRD,560036,MANAGED,,ShadowFax Reverse,CRED-3PL,D,ODISHA,KARNATAKA,0.6992,0.6992,126
4/2/2024,1NR9D9ZGN8DLV,4/1/2024,3/27/2024,Product received is different from the image shown,,Merchant,APPROVED,LG51E9RZZL3W1,in_transit,f74c678b-b708-4d5c-bdcf-5aee8c7b6921,unisex sports cap,ef5c7de8-ff6f-47ad-9c85-45874cb12113,fashion_93e,RETURNED,XTR-CAP-BO,5a4599bd-6546-4d92-a5d3-3a78fcaeb95c,xtrim,249,0.05,145.2871429,XTR560036A,282001,R817773678CRD,560036,MANAGED,,ShadowFax Reverse Qc,CRED-3PL,D,UTTAR PRADESH,KARNATAKA,0.6992,0.6992,126
4/2/2024,G9PXL8GW68J51,3/31/2024,3/27/2024,Found better price elsewhere,,Merchant,APPROVED,JZJJG8Z6GV48J,shipped,1dc70fea-bf44-4a8b-9b9d-05b445968c19,unisex sports cap,ef5c7de8-ff6f-47ad-9c85-45874cb12113,fashion_93e,RETURNED,XTR-CAP-BG,5a4599bd-6546-4d92-a5d3-3a78fcaeb95c,xtrim,249,0.05,153.2871429,XTR560036A,400076,R816907148CRD,560036,MANAGED,,ShadowFax Reverse Qc,CRED-3PL,C,MAHARASHTRA,KARNATAKA,0.6992,0.6992,165
4/2/2024,NEQDGRE0P88E,3/31/2024,3/27/2024,Product received is different from the image shown,,Merchant,APPROVED,DJ95V332EW01,delivered,1dc70fea-bf44-4a8b-9b9d-05b445968c19,unisex sports cap,ef5c7de8-ff6f-47ad-9c85-45874cb12113,fashion_93e,RETURNED,XTR-CAP-BG,5a4599bd-6546-4d92-a5d3-3a78fcaeb95c,xtrim,249,0.05,152.9671429,XTR560036A,500111,5857667858,560036,MANAGED,,EcomExpress Reverse QC Surface,CRED-3PL,C,TELANGANA,KARNATAKA,0.6992,0.6992,165
4/2/2024,3N8Q3L3L5XNZD,4/2/2024,3/27/2024,Product received is different from the image shown,,Merchant,APPROVED,2644WQE388YX,in_transit,f74c678b-b708-4d5c-bdcf-5aee8c7b6921,unisex sports cap,ef5c7de8-ff6f-47ad-9c85-45874cb12113,fashion_93e,RETURNED,XTR-CAP-BO,5a4599bd-6546-4d92-a5d3-3a78fcaeb95c,xtrim,249,0.05,153.2871429,XTR560036A,400101,R818344163CRD,560036,MANAGED,,ShadowFax Reverse Qc,CRED-3PL,C,MAHARASHTRA,KARNATAKA,0.6992,0.6992,118
4/2/2024,J6L198L9Y9W0,4/2/2024,3/27/2024,Found better price elsewhere,,Merchant,APPROVED,GG50NLLNZ88N6,in_transit,f74c678b-b708-4d5c-bdcf-5aee8c7b6921,unisex sports cap,ef5c7de8-ff6f-47ad-9c85-45874cb12113,fashion_93e,RETURNED,XTR-CAP-BO,5a4599bd-6546-4d92-a5d3-3a78fcaeb95c,xtrim,249,0.05,177.2871429,XTR560036A,560017,R817956476CRD,560036,MANAGED,,ShadowFax Reverse Qc,CRED-3PL,A,KARNATAKA,KARNATAKA,0.6992,0.6992,98
4/2/2024,XJ36D5YEV4X8,4/2/2024,3/27/2024,Found better price elsewhere,,Merchant,APPROVED,Z83Z2Y6ZNG2YV,in_transit,f74c678b-b708-4d5c-bdcf-5aee8c7b6921,unisex sports cap,ef5c7de8-ff6f-47ad-9c85-45874cb12113,fashion_93e,RETURNED,XTR-CAP-BO,5a4599bd-6546-4d92-a5d3-3a78fcaeb95c,xtrim,249,0.05,177.2871429,XTR560036A,560017,R817958444CRD,560036,MANAGED,,ShadowFax Reverse Qc,CRED-3PL,A,KARNATAKA,KARNATAKA,0.6992,0.6992,98
4/2/2024,YERNVLNV4E21V,4/2/2024,3/27/2024,Found better price elsewhere,,Merchant,APPROVED,92WN3Q0V096V,in_transit,1dc70fea-bf44-4a8b-9b9d-05b445968c19,unisex sports cap,ef5c7de8-ff6f-47ad-9c85-45874cb12113,fashion_93e,RETURNED,XTR-CAP-BG,5a4599bd-6546-4d92-a5d3-3a78fcaeb95c,xtrim,249,0.05,153.2871429,XTR560036A,110044,R818604868CRD,560036,MANAGED,,ShadowFax Reverse Qc,CRED-3PL,C,DELHI,KARNATAKA,0.6992,0.6992,118
4/2/2024,9E1Q1G952QVX3,4/1/2024,3/27/2024,Product received is different from the image shown,,Merchant,APPROVED,0XV59D6566YRQ,delivered,1dc70fea-bf44-4a8b-9b9d-05b445968c19,unisex sports cap,ef5c7de8-ff6f-47ad-9c85-45874cb12113,fashion_93e,RETURNED,XTR-CAP-BG,5a4599bd-6546-4d92-a5d3-3a78fcaeb95c,xtrim,249,0.05,158.2571429,XTR560036A,411057,5857667924,560036,MANAGED,,EcomExpress Reverse QC Surface,CRED-3PL,C,MAHARASHTRA,KARNATAKA,0.6992,0.6992,118
4/3/2024,,,3/27/2024,Merchant unable to fulfil order,USER,Merchant,,JJ8NLP1Q1NR2,,e0768f9a-8329-4991-9f67-e326ccb99970,unisex sports cap,ef5c7de8-ff6f-47ad-9c85-45874cb12113,fashion_93e,CANCELLED,XTR-CAP-GRY,5a4599bd-6546-4d92-a5d3-3a78fcaeb95c,xtrim,249,0.05,153.2871429,XTR560036A,,,,MANAGED,,,,,,,0,0,0
4/3/2024,,,3/27/2024,Merchant unable to fulfil order,USER,Merchant,,V1Q0ZLJ2DRNG,,f74c678b-b708-4d5c-bdcf-5aee8c7b6921,unisex sports cap,ef5c7de8-ff6f-47ad-9c85-45874cb12113,fashion_93e,CANCELLED,XTR-CAP-BO,5a4599bd-6546-4d92-a5d3-3a78fcaeb95c,xtrim,249,0.05,158.2571429,XTR560036A,,,,MANAGED,,,,,,,0,0,0
4/3/2024,,,3/27/2024,Merchant unable to fulfil order,USER,Merchant,,V4531NY0EZP5,,f74c678b-b708-4d5c-bdcf-5aee8c7b6921,unisex sports cap,ef5c7de8-ff6f-47ad-9c85-45874cb12113,fashion_93e,CANCELLED,XTR-CAP-BO,5a4599bd-6546-4d92-a5d3-3a78fcaeb95c,xtrim,249,0.05,153.2871429,XTR560036A,,,,MANAGED,,,,,,,0,0,0
4/3/2024,,,3/27/2024,Merchant unable to fulfil order,USER,Merchant,,5P25N512PVG86,,e0768f9a-8329-4991-9f67-e326ccb99970,unisex sports cap,ef5c7de8-ff6f-47ad-9c85-45874cb12113,fashion_93e,CANCELLED,XTR-CAP-GRY,5a4599bd-6546-4d92-a5d3-3a78fcaeb95c,xtrim,249,0.05,153.2871429,XTR560036A,,,,MANAGED,,,,,,,0,0,0
4/3/2024,,,3/27/2024,Merchant unable to fulfil order,USER,Merchant,,236QYG2V1E01E,,f74c678b-b708-4d5c-bdcf-5aee8c7b6921,unisex sports cap,ef5c7de8-ff6f-47ad-9c85-45874cb12113,fashion_93e,CANCELLED,XTR-CAP-BO,5a4599bd-6546-4d92-a5d3-3a78fcaeb95c,xtrim,249,0.05,144.9671429,XTR560036A,,,,MANAGED,,,,,,,0,0,0
4/3/2024,,,3/27/2024,Merchant unable to fulfil order,USER,Merchant,,231PW9EX85DGG,,1dc70fea-bf44-4a8b-9b9d-05b445968c19,unisex sports cap,ef5c7de8-ff6f-47ad-9c85-45874cb12113,fashion_93e,CANCELLED,XTR-CAP-BG,5a4599bd-6546-4d92-a5d3-3a78fcaeb95c,xtrim,249,0.05,144.9671429,XTR560036A,,,,MANAGED,,,,,,,0,0,0
4/3/2024,8L50XZ1JL30VY,4/1/2024,3/27/2024,Product received is different from the image shown,,Merchant,APPROVED,D9NLX4L29D08,in_transit,e0768f9a-8329-4991-9f67-e326ccb99970,unisex sports cap,ef5c7de8-ff6f-47ad-9c85-45874cb12113,fashion_93e,RETURNED,XTR-CAP-GRY,5a4599bd-6546-4d92-a5d3-3a78fcaeb95c,xtrim,249,0.05,145.2871429,XTR560036A,247232,R817096723CRD,560036,MANAGED,,ShadowFax Reverse Qc,CRED-3PL,D,UTTAR PRADESH,KARNATAKA,0.8,0.8,126
4/3/2024,9EVQ0E4J01QWP,4/1/2024,3/27/2024,Incorrect product,,Merchant,APPROVED,JZR8PGNV4L0WP,in_transit,1dc70fea-bf44-4a8b-9b9d-05b445968c19,unisex sports cap,ef5c7de8-ff6f-47ad-9c85-45874cb12113,fashion_93e,RETURNED,XTR-CAP-BG,5a4599bd-6546-4d92-a5d3-3a78fcaeb95c,xtrim,249,0.05,153.2871429,XTR560036A,501510,R817789610CRD,560036,MANAGED,,ShadowFax Reverse,CRED-3PL,C,TELANGANA,KARNATAKA,0.6992,0.6992,118
4/3/2024,RZYP3312XLEL,4/2/2024,3/27/2024,Product received is different from the image shown,,Merchant,APPROVED,2D1N29J4QX24R,in_transit,1dc70fea-bf44-4a8b-9b9d-05b445968c19,unisex sports cap,ef5c7de8-ff6f-47ad-9c85-45874cb12113,fashion_93e,RETURNED,XTR-CAP-BG,5a4599bd-6546-4d92-a5d3-3a78fcaeb95c,xtrim,249,0.05,145.2871429,XTR560036A,136118,R818540674CRD,560036,MANAGED,,ShadowFax Reverse Qc,CRED-3PL,D,HARYANA,KARNATAKA,0.6992,0.6992,126
4/3/2024,JDJ89J8WR138,4/2/2024,3/27/2024,Product received is different from the image shown,,Merchant,APPROVED,XPXGY1RX823Y,in_transit,1dc70fea-bf44-4a8b-9b9d-05b445968c19,unisex sports cap,ef5c7de8-ff6f-47ad-9c85-45874cb12113,fashion_93e,RETURNED,XTR-CAP-BG,5a4599bd-6546-4d92-a5d3-3a78fcaeb95c,xtrim,249,0.05,153.2871429,XTR560036A,110048,R818547948CRD,560036,MANAGED,,ShadowFax Reverse Qc,CRED-3PL,C,DELHI,KARNATAKA,0.6992,0.6992,118
4/3/2024,Z4XDXRW0X3E23,4/3/2024,3/27/2024,Product received is different from the image shown,,Merchant,APPROVED,66LLRV09J1NW,in_transit,f74c678b-b708-4d5c-bdcf-5aee8c7b6921,unisex sports cap,ef5c7de8-ff6f-47ad-9c85-45874cb12113,fashion_93e,RETURNED,XTR-CAP-BO,5a4599bd-6546-4d92-a5d3-3a78fcaeb95c,xtrim,249,0.05,153.2871429,XTR560036A,110086,R819255511CRD,560036,MANAGED,,ShadowFax Reverse Qc,CRED-3PL,C,DELHI,KARNATAKA,0.6992,0.6992,118
4/3/2024,XZGR6XW2DP9L2,4/2/2024,3/27/2024,Defective item,,Merchant,APPROVED,05XYX8Z0N334Y,in_transit,1dc70fea-bf44-4a8b-9b9d-05b445968c19,unisex sports cap,ef5c7de8-ff6f-47ad-9c85-45874cb12113,fashion_93e,RETURNED,XTR-CAP-BG,5a4599bd-6546-4d92-a5d3-3a78fcaeb95c,xtrim,249,0.05,158.2571429,XTR560036A,201307,R818372026CRD,560036,MANAGED,,ShadowFax Reverse Qc,CRED-3PL,C,UTTAR PRADESH,KARNATAKA,0.6992,0.6992,118
4/3/2024,GG5WPDR6VZWDY,4/2/2024,3/27/2024,Product received is different from the image shown,,Merchant,APPROVED,3Q8390L25PN3,in_transit,e0768f9a-8329-4991-9f67-e326ccb99970,unisex sports cap,ef5c7de8-ff6f-47ad-9c85-45874cb12113,fashion_93e,RETURNED,XTR-CAP-GRY,5a4599bd-6546-4d92-a5d3-3a78fcaeb95c,xtrim,249,0.05,158.2571429,XTR560036A,110075,R818530057CRD,560036,MANAGED,,ShadowFax Reverse Qc,CRED-3PL,C,DELHI,KARNATAKA,0.8,0.8,118
4/3/2024,4NV86L22L40P4,4/2/2024,3/27/2024,Product received is different from the image shown,,Merchant,APPROVED,RPLXPV2X3Z65G,in_transit,1dc70fea-bf44-4a8b-9b9d-05b445968c19,unisex sports cap,ef5c7de8-ff6f-47ad-9c85-45874cb12113,fashion_93e,RETURNED,XTR-CAP-BG,5a4599bd-6546-4d92-a5d3-3a78fcaeb95c,xtrim,249,0.05,145.2871429,XTR560036A,284002,R818611976CRD,560036,MANAGED,,ShadowFax Reverse Qc,CRED-3PL,D,UTTAR PRADESH,KARNATAKA,0.6992,0.6992,126
4/3/2024,4DPG9WQ9EE25,4/2/2024,3/27/2024,Product received is different from the image shown,,Merchant,APPROVED,4833YQZ340JQ,in_transit,1dc70fea-bf44-4a8b-9b9d-05b445968c19,unisex sports cap,ef5c7de8-ff6f-47ad-9c85-45874cb12113,fashion_93e,RETURNED,XTR-CAP-BG,5a4599bd-6546-4d92-a5d3-3a78fcaeb95c,xtrim,249,0.05,153.2871429,XTR560036A,110027,R818679840CRD,560036,MANAGED,,ShadowFax Reverse Qc,CRED-3PL,C,DELHI,KARNATAKA,0.6992,0.6992,118
4/3/2024,E861LD0389Q0J,4/3/2024,3/27/2024,Found better price elsewhere,,Merchant,APPROVED,R4D042WQY9XZ,in_transit,e0768f9a-8329-4991-9f67-e326ccb99970,unisex sports cap,ef5c7de8-ff6f-47ad-9c85-45874cb12113,fashion_93e,RETURNED,XTR-CAP-GRY,5a4599bd-6546-4d92-a5d3-3a78fcaeb95c,xtrim,249,0.05,150.2571429,XTR560036A,247667,R819294495CRD,560036,MANAGED,,ShadowFax Reverse Qc,CRED-3PL,D,UTTARAKHAND,KARNATAKA,0.8,0.8,126
4/3/2024,5QGN24DD6P111,4/1/2024,3/27/2024,Product received is different from the image shown,,Merchant,APPROVED,544W1QQXXL5W,in_transit,f74c678b-b708-4d5c-bdcf-5aee8c7b6921,unisex sports cap,ef5c7de8-ff6f-47ad-9c85-45874cb12113,fashion_93e,RETURNED,XTR-CAP-BO,5a4599bd-6546-4d92-a5d3-3a78fcaeb95c,xtrim,249,0.05,150.2571429,XTR560036A,679576,R817732476CRD,560036,MANAGED,,ShadowFax Reverse Qc,CRED-3PL,D,KERALA,KARNATAKA,0.6992,0.6992,126
4/3/2024,LGWQDX68QEEDP,4/3/2024,3/27/2024,Defective item,,Merchant,APPROVED,9PRZG3WD9XVE3,in_transit,1dc70fea-bf44-4a8b-9b9d-05b445968c19,unisex sports cap,ef5c7de8-ff6f-47ad-9c85-45874cb12113,fashion_93e,RETURNED,XTR-CAP-BG,5a4599bd-6546-4d92-a5d3-3a78fcaeb95c,xtrim,249,0.05,153.2871429,XTR560036A,110023,R819009458CRD,560036,MANAGED,,ShadowFax Reverse Qc,CRED-3PL,C,DELHI,KARNATAKA,0.6992,0.6992,118
4/3/2024,P3V00Y9GZ6VR,4/2/2024,3/27/2024,Defective item,,Merchant,APPROVED,4QQLL2NDZJNE8,in_transit,e0768f9a-8329-4991-9f67-e326ccb99970,unisex sports cap,ef5c7de8-ff6f-47ad-9c85-45874cb12113,fashion_93e,RETURNED,XTR-CAP-GRY,5a4599bd-6546-4d92-a5d3-3a78fcaeb95c,xtrim,249,0.05,145.2871429,XTR560036A,223101,R818540632CRD,560036,MANAGED,,ShadowFax Reverse Qc,CRED-3PL,D,UTTAR PRADESH,KARNATAKA,0.8,0.8,126
4/3/2024,WEVV06445069R,4/2/2024,3/27/2024,Defective item,,Merchant,APPROVED,D06JPJ85WQVE,in_transit,f74c678b-b708-4d5c-bdcf-5aee8c7b6921,unisex sports cap,ef5c7de8-ff6f-47ad-9c85-45874cb12113,fashion_93e,RETURNED,XTR-CAP-BO,5a4599bd-6546-4d92-a5d3-3a78fcaeb95c,xtrim,249,0.05,153.2871429,XTR560036A,500084,R818577858CRD,560036,MANAGED,,ShadowFax Reverse Qc,CRED-3PL,C,TELANGANA,KARNATAKA,0.6992,0.6992,118
4/3/2024,0RYGRE6X01XJ,4/2/2024,3/27/2024,Product received is different from the image shown,,Merchant,APPROVED,J02ELJQEW6DP,in_transit,1dc70fea-bf44-4a8b-9b9d-05b445968c19,unisex sports cap,ef5c7de8-ff6f-47ad-9c85-45874cb12113,fashion_93e,RETURNED,XTR-CAP-BG,5a4599bd-6546-4d92-a5d3-3a78fcaeb95c,xtrim,249,0.05,153.2871429,XTR560036A,700033,R818654554CRD,560036,MANAGED,,ShadowFax Reverse Qc,CRED-3PL,C,WEST BENGAL,KARNATAKA,0.6992,0.6992,118
4/3/2024,4PDNYV35LPRD,4/2/2024,3/27/2024,"Only product is damaged, shipping box is OK",,Merchant,APPROVED,WXEZJ159QV216,in_transit,f74c678b-b708-4d5c-bdcf-5aee8c7b6921,unisex sports cap,ef5c7de8-ff6f-47ad-9c85-45874cb12113,fashion_93e,RETURNED,XTR-CAP-BO,5a4599bd-6546-4d92-a5d3-3a78fcaeb95c,xtrim,249,0.05,158.2571429,XTR560036A,411036,R818528925CRD,560036,MANAGED,,ShadowFax Reverse Qc,CRED-3PL,C,MAHARASHTRA,KARNATAKA,0.6992,0.6992,118
4/3/2024,P29NGLJWENVER,4/3/2024,3/27/2024,Product received is different from the image shown,,Merchant,APPROVED,GYQVJ0Q11P28,in_transit,1dc70fea-bf44-4a8b-9b9d-05b445968c19,unisex sports cap,ef5c7de8-ff6f-47ad-9c85-45874cb12113,fashion_93e,RETURNED,XTR-CAP-BG,5a4599bd-6546-4d92-a5d3-3a78fcaeb95c,xtrim,249,0.05,153.2871429,XTR560036A,421001,R819315520CRD,560036,MANAGED,,ShadowFax Reverse Qc,CRED-3PL,C,MAHARASHTRA,KARNATAKA,0.6992,0.6992,118
4/3/2024,N85L5Z0Y69WZ,4/1/2024,3/27/2024,Product received is different from the image shown,,Merchant,APPROVED,05D6QVQ0Q26EY,delivered,f74c678b-b708-4d5c-bdcf-5aee8c7b6921,unisex sports cap,ef5c7de8-ff6f-47ad-9c85-45874cb12113,fashion_93e,RETURNED,XTR-CAP-BO,5a4599bd-6546-4d92-a5d3-3a78fcaeb95c,xtrim,249,0.05,153.2871429,XTR560036A,400059,5857667918,560036,MANAGED,,EcomExpress Reverse QC Surface,CRED-3PL,C,MAHARASHTRA,KARNATAKA,0.6992,0.6992,118
4/3/2024,V0PL4RZ0EW0WW,4/2/2024,3/27/2024,Product received is different from the image shown,,Merchant,APPROVED,GG2RQD48RYXVV,in_transit,1dc70fea-bf44-4a8b-9b9d-05b445968c19,unisex sports cap,ef5c7de8-ff6f-47ad-9c85-45874cb12113,fashion_93e,RETURNED,XTR-CAP-BG,5a4599bd-6546-4d92-a5d3-3a78fcaeb95c,xtrim,249,0.05,150.2571429,XTR560036A,492001,R818536979CRD,560036,MANAGED,,ShadowFax Reverse Qc,CRED-3PL,D,CHATTISGARH,KARNATAKA,0.6992,0.6992,126
4/4/2024,ZY5W2J6Q43GZ,4/3/2024,3/27/2024,Product received is different from the image shown,,Merchant,APPROVED,PD8DGW0DD8E3,in_transit,1dc70fea-bf44-4a8b-9b9d-05b445968c19,unisex sports cap,ef5c7de8-ff6f-47ad-9c85-45874cb12113,fashion_93e,RETURNED,XTR-CAP-BG,5a4599bd-6546-4d92-a5d3-3a78fcaeb95c,xtrim,249,0.05,158.2571429,XTR560036A,110075,R818764415CRD,560036,MANAGED,,ShadowFax Reverse Qc,CRED-3PL,C,DELHI,KARNATAKA,0.6992,0.6992,118
4/4/2024,REEGNWLP6X2RD,4/1/2024,3/27/2024,Product received is different from the image shown,,Merchant,APPROVED,8L6EPDPR89Z82,in_transit,1dc70fea-bf44-4a8b-9b9d-05b445968c19,unisex sports cap,ef5c7de8-ff6f-47ad-9c85-45874cb12113,fashion_93e,RETURNED,XTR-CAP-BG,5a4599bd-6546-4d92-a5d3-3a78fcaeb95c,xtrim,249,0.05,153.2871429,XTR560036A,500019,R817653260CRD,560036,MANAGED,,ShadowFax Reverse Qc,CRED-3PL,C,TELANGANA,KARNATAKA,0.6992,0.6992,118
4/4/2024,P1D8G6ZJ1W45,4/3/2024,3/27/2024,Product received is different from the image shown,,Merchant,APPROVED,51QR361LG3J4,in_transit,e0768f9a-8329-4991-9f67-e326ccb99970,unisex sports cap,ef5c7de8-ff6f-47ad-9c85-45874cb12113,fashion_93e,RETURNED,XTR-CAP-GRY,5a4599bd-6546-4d92-a5d3-3a78fcaeb95c,xtrim,249,0.05,145.2871429,XTR560036A,734001,R819479314CRD,560036,MANAGED,,ShadowFax Reverse Qc,CRED-3PL,D,WEST BENGAL,KARNATAKA,0.8,0.8,126
4/4/2024,05863WR4J4V1J,4/4/2024,3/27/2024,Product received is different from the image shown,,Merchant,APPROVED,8LYQ3Y3XJN6QN,in_transit,e0768f9a-8329-4991-9f67-e326ccb99970,unisex sports cap,ef5c7de8-ff6f-47ad-9c85-45874cb12113,fashion_93e,RETURNED,XTR-CAP-GRY,5a4599bd-6546-4d92-a5d3-3a78fcaeb95c,xtrim,249,0.05,150.2571429,XTR560036A,452001,R819560307CRD,560036,MANAGED,,ShadowFax Reverse Qc,CRED-3PL,D,MADHYA PRADESH,KARNATAKA,0.8,0.8,126
4/4/2024,6J58NXXY2R35V,4/3/2024,3/27/2024,Product received is different from the image shown,,Merchant,APPROVED,LGGDRZZ21JJ56,shipped,f74c678b-b708-4d5c-bdcf-5aee8c7b6921,unisex sports cap,ef5c7de8-ff6f-47ad-9c85-45874cb12113,fashion_93e,RETURNED,XTR-CAP-BO,5a4599bd-6546-4d92-a5d3-3a78fcaeb95c,xtrim,249,0.05,145.2871429,XTR560036A,140301,5857668131,560036,MANAGED,,EcomExpress Reverse QC Surface,CRED-3PL,D,PUNJAB,KARNATAKA,0.6992,0.6992,126
4/4/2024,9P290WZ8GPZN6,4/4/2024,3/27/2024,Product received is different from the image shown,,Merchant,APPROVED,468Y9JXLEPZD,in_transit,f74c678b-b708-4d5c-bdcf-5aee8c7b6921,unisex sports cap,ef5c7de8-ff6f-47ad-9c85-45874cb12113,fashion_93e,RETURNED,XTR-CAP-BO,5a4599bd-6546-4d92-a5d3-3a78fcaeb95c,xtrim,249,0.05,153.2871429,XTR560036A,121008,R819534121CRD,560036,MANAGED,,ShadowFax Reverse Qc,CRED-3PL,C,HARYANA,KARNATAKA,0.6992,0.6992,118
4/4/2024,5PGG6Z6LPX6VX,4/3/2024,3/27/2024,Product received is different from the image shown,,Merchant,APPROVED,4QX012DWEJ34D,in_transit,1dc70fea-bf44-4a8b-9b9d-05b445968c19,unisex sports cap,ef5c7de8-ff6f-47ad-9c85-45874cb12113,fashion_93e,RETURNED,XTR-CAP-BG,5a4599bd-6546-4d92-a5d3-3a78fcaeb95c,xtrim,249,0.05,158.2571429,XTR560036A,503212,R819447022CRD,560036,MANAGED,,ShadowFax Reverse Qc,CRED-3PL,C,TELANGANA,KARNATAKA,0.6992,0.6992,118
4/4/2024,R5VDJGPJW8Y,4/3/2024,3/27/2024,Product received is different from the image shown,,Merchant,APPROVED,D5JL2L3159PE,in_transit,1dc70fea-bf44-4a8b-9b9d-05b445968c19,unisex sports cap,ef5c7de8-ff6f-47ad-9c85-45874cb12113,fashion_93e,RETURNED,XTR-CAP-BG,5a4599bd-6546-4d92-a5d3-3a78fcaeb95c,xtrim,249,0.05,177.2871429,XTR560036A,560071,R819322713CRD,560036,MANAGED,,ShadowFax Reverse Qc,CRED-3PL,A,KARNATAKA,KARNATAKA,0.6992,0.6992,98
4/4/2024,5L3XN4JLZG29,4/1/2024,3/27/2024,Defective item,,Merchant,APPROVED,23RWDNVQNV39J,in_transit,e0768f9a-8329-4991-9f67-e326ccb99970,unisex sports cap,ef5c7de8-ff6f-47ad-9c85-45874cb12113,fashion_93e,RETURNED,XTR-CAP-GRY,5a4599bd-6546-4d92-a5d3-3a78fcaeb95c,xtrim,249,0.05,153.2871429,XTR560036A,500085,R817630400CRD,560036,MANAGED,,ShadowFax Reverse Qc,CRED-3PL,C,TELANGANA,KARNATAKA,0.8,0.8,118
4/5/2024,,,3/27/2024,initiating refund due to item marked as RTO,,Merchant,,YLEE06JVZ62V,,e0768f9a-8329-4991-9f67-e326ccb99970,unisex sports cap,ef5c7de8-ff6f-47ad-9c85-45874cb12113,fashion_93e,RTO,XTR-CAP-GRY,5a4599bd-6546-4d92-a5d3-3a78fcaeb95c,xtrim,249,0.05,158.2571429,XTR560036A,,,,MANAGED,,,,,,,0,0,0
4/5/2024,DRP49L3YL0DY,4/4/2024,3/27/2024,Product received is different from the image shown,,Merchant,APPROVED,J9QLQL2N25R,in_transit,f74c678b-b708-4d5c-bdcf-5aee8c7b6921,unisex sports cap,ef5c7de8-ff6f-47ad-9c85-45874cb12113,fashion_93e,RETURNED,XTR-CAP-BO,5a4599bd-6546-4d92-a5d3-3a78fcaeb95c,xtrim,249,0.05,150.2571429,XTR560036A,364001,R820014956CRD,560036,MANAGED,,ShadowFax Reverse Qc,CRED-3PL,D,GUJARAT,KARNATAKA,0.6992,0.6992,126
4/5/2024,XE194XNLLZ22V,4/4/2024,3/27/2024,"Only product is damaged, shipping box is OK",,Merchant,APPROVED,E55YXZJL9J43N,in_transit,f74c678b-b708-4d5c-bdcf-5aee8c7b6921,unisex sports cap,ef5c7de8-ff6f-47ad-9c85-45874cb12113,fashion_93e,RETURNED,XTR-CAP-BO,5a4599bd-6546-4d92-a5d3-3a78fcaeb95c,xtrim,249,0.05,145.2871429,XTR560036A,390001,R820112661CRD,560036,MANAGED,,ShadowFax Reverse Qc,CRED-3PL,D,GUJARAT,KARNATAKA,0.6992,0.6992,126
4/5/2024,RP3RNDD9X1LZ3,4/5/2024,3/27/2024,Found better price elsewhere,,Merchant,APPROVED,WY980JE0NW0,in_transit,f74c678b-b708-4d5c-bdcf-5aee8c7b6921,unisex sports cap,ef5c7de8-ff6f-47ad-9c85-45874cb12113,fashion_93e,RETURNED,XTR-CAP-BO,5a4599bd-6546-4d92-a5d3-3a78fcaeb95c,xtrim,249,0.05,145.2871429,XTR560036A,462030,R820194824CRD,560036,MANAGED,,ShadowFax Reverse Qc,CRED-3PL,D,MADHYA PRADESH,KARNATAKA,0.6992,0.6992,126
4/5/2024,1N1ERJJ3QW88,4/4/2024,3/27/2024,Product received is different from the image shown,,Merchant,APPROVED,ZE4RX3L993GG5,in_transit,1dc70fea-bf44-4a8b-9b9d-05b445968c19,unisex sports cap,ef5c7de8-ff6f-47ad-9c85-45874cb12113,fashion_93e,RETURNED,XTR-CAP-BG,5a4599bd-6546-4d92-a5d3-3a78fcaeb95c,xtrim,249,0.05,145.2871429,XTR560036A,124507,R820022959CRD,560036,MANAGED,,ShadowFax Reverse Qc,CRED-3PL,D,HARYANA,KARNATAKA,0.6992,0.6992,126
4/5/2024,RE899LP6QRQ1L,4/5/2024,3/27/2024,Found better price elsewhere,,Merchant,APPROVED,386G3PP8EZJVQ,shipped,f74c678b-b708-4d5c-bdcf-5aee8c7b6921,unisex sports cap,ef5c7de8-ff6f-47ad-9c85-45874cb12113,fashion_93e,RETURNED,XTR-CAP-BO,5a4599bd-6546-4d92-a5d3-3a78fcaeb95c,xtrim,249,0.05,166.2571429,XTR560036A,573117,5863582759,560036,MANAGED,,EcomExpress Reverse QC Surface,CRED-3PL,B,KARNATAKA,KARNATAKA,0.6992,0.6992,110
4/5/2024,Z8Q5XDJPJ8999,4/5/2024,3/27/2024,Defective item,,Merchant,APPROVED,23W5YX944L6L1,shipped,1dc70fea-bf44-4a8b-9b9d-05b445968c19,unisex sports cap,ef5c7de8-ff6f-47ad-9c85-45874cb12113,fashion_93e,RETURNED,XTR-CAP-BG,5a4599bd-6546-4d92-a5d3-3a78fcaeb95c,xtrim,249,0.05,153.2871429,XTR560036A,110014,5863582757,560036,MANAGED,,EcomExpress Reverse QC Surface,CRED-3PL,C,DELHI,KARNATAKA,0.6992,0.6992,118
4/5/2024,4GQZ298D42Y0,4/3/2024,3/27/2024,Incorrect product,,Merchant,APPROVED,9PLJPVVN26353,in_transit,1dc70fea-bf44-4a8b-9b9d-05b445968c19,unisex sports cap,ef5c7de8-ff6f-47ad-9c85-45874cb12113,fashion_93e,RETURNED,XTR-CAP-BG,5a4599bd-6546-4d92-a5d3-3a78fcaeb95c,xtrim,249,0.05,145.2871429,XTR560036A,461001,R819440347CRD,560036,MANAGED,,ShadowFax Reverse,CRED-3PL,D,MADHYA PRADESH,KARNATAKA,0.6992,0.6992,126
4/5/2024,XZN48XPY03YZJ,3/31/2024,3/27/2024,I found a cheaper price elsewhere,CUSTOMER,Merchant,APPROVED,9P39E3W34NZR9,in_transit,f74c678b-b708-4d5c-bdcf-5aee8c7b6921,unisex sports cap,ef5c7de8-ff6f-47ad-9c85-45874cb12113,fashion_93e,RETURNED,XTR-CAP-BO,5a4599bd-6546-4d92-a5d3-3a78fcaeb95c,xtrim,249,0.05,153.2871429,XTR560036A,501301,R816792498CRD,560036,MANAGED,,ShadowFax Reverse Qc,CRED-3PL,C,TELANGANA,KARNATAKA,0.6992,0.6992,165
4/5/2024,059RZD1R69Q4,4/3/2024,3/27/2024,Defective item,,Merchant,APPROVED,D58V6R31YXNRG,in_transit,e0768f9a-8329-4991-9f67-e326ccb99970,unisex sports cap,ef5c7de8-ff6f-47ad-9c85-45874cb12113,fashion_93e,RETURNED,XTR-CAP-GRY,5a4599bd-6546-4d92-a5d3-3a78fcaeb95c,xtrim,249,0.05,145.2871429,XTR560036A,388001,R819421833CRD,560036,MANAGED,,ShadowFax Reverse Qc,CRED-3PL,D,GUJARAT,KARNATAKA,0.8,0.8,126
4/5/2024,LGW2X5JJDL08G,4/4/2024,3/27/2024,Defective item,,Merchant,APPROVED,8L255VJ61Q66Q,in_transit,1dc70fea-bf44-4a8b-9b9d-05b445968c19,unisex sports cap,ef5c7de8-ff6f-47ad-9c85-45874cb12113,fashion_93e,RETURNED,XTR-CAP-BG,5a4599bd-6546-4d92-a5d3-3a78fcaeb95c,xtrim,249,0.05,145.2871429,XTR560036A,370001,R820035486CRD,560036,MANAGED,,ShadowFax Reverse Qc,CRED-3PL,D,GUJARAT,KARNATAKA,0.6992,0.6992,126
4/6/2024,,,3/27/2024,initiating refund due to item marked as RTO,,Merchant,,1N62JW24V9JLD,,1dc70fea-bf44-4a8b-9b9d-05b445968c19,unisex sports cap,ef5c7de8-ff6f-47ad-9c85-45874cb12113,fashion_93e,RTO,XTR-CAP-BG,5a4599bd-6546-4d92-a5d3-3a78fcaeb95c,xtrim,249,0.05,150.2571429,XTR560036A,,,,MANAGED,,,,,,,0,0,0
4/6/2024,82L408E8RDEVQ,4/5/2024,3/27/2024,Product received is different from the image shown,,Merchant,APPROVED,XD4VZP958Z6L,shipped,1dc70fea-bf44-4a8b-9b9d-05b445968c19,unisex sports cap,ef5c7de8-ff6f-47ad-9c85-45874cb12113,fashion_93e,RETURNED,XTR-CAP-BG,5a4599bd-6546-4d92-a5d3-3a78fcaeb95c,xtrim,249,0.05,153.2871429,XTR560036A,500014,5863582798,560036,MANAGED,,EcomExpress Reverse QC Surface,CRED-3PL,C,TELANGANA,KARNATAKA,0.6992,0.6992,118
4/6/2024,WXV14LQ1ZX5N5,4/4/2024,3/27/2024,Defective item,,Merchant,APPROVED,LQV5EXYXN83Z,in_transit,1dc70fea-bf44-4a8b-9b9d-05b445968c19,unisex sports cap,ef5c7de8-ff6f-47ad-9c85-45874cb12113,fashion_93e,RETURNED,XTR-CAP-BG,5a4599bd-6546-4d92-a5d3-3a78fcaeb95c,xtrim,249,0.05,111.2871429,XTR560036A,180005,R819545278CRD,560036,MANAGED,,ShadowFax Reverse Qc,CRED-3PL,E,JAMMU & KASHMIR,KARNATAKA,0.6992,0.6992,160.01
4/6/2024,3PR2JYX8YLXV,4/5/2024,3/27/2024,Product received is different from the image shown,,Merchant,APPROVED,4QN9G85GZDWN5,shipped,f74c678b-b708-4d5c-bdcf-5aee8c7b6921,unisex sports cap,ef5c7de8-ff6f-47ad-9c85-45874cb12113,fashion_93e,RETURNED,XTR-CAP-BO,5a4599bd-6546-4d92-a5d3-3a78fcaeb95c,xtrim,249,0.05,158.2571429,XTR560036A,122001,5863582821,560036,MANAGED,,EcomExpress Reverse QC Surface,CRED-3PL,C,HARYANA,KARNATAKA,0.6992,0.6992,118
4/6/2024,WEL08583P80X0,4/5/2024,3/27/2024,Defective item,,Merchant,APPROVED,GGDN9E1W0QE8Z,shipped,1dc70fea-bf44-4a8b-9b9d-05b445968c19,unisex sports cap,ef5c7de8-ff6f-47ad-9c85-45874cb12113,fashion_93e,RETURNED,XTR-CAP-BG,5a4599bd-6546-4d92-a5d3-3a78fcaeb95c,xtrim,249,0.05,158.2571429,XTR560036A,122101,5863582822,560036,MANAGED,,EcomExpress Reverse QC Surface,CRED-3PL,C,HARYANA,KARNATAKA,0.6992,0.6992,118
4/6/2024,Q6Q696QYV60DN,4/5/2024,3/27/2024,Product received is different from the image shown,,Merchant,APPROVED,GGZPGZGD41YZ2,shipped,f74c678b-b708-4d5c-bdcf-5aee8c7b6921,unisex sports cap,ef5c7de8-ff6f-47ad-9c85-45874cb12113,fashion_93e,RETURNED,XTR-CAP-BO,5a4599bd-6546-4d92-a5d3-3a78fcaeb95c,xtrim,249,0.05,111.2871429,XTR560036A,781015,5863582791,560036,MANAGED,,EcomExpress Reverse QC Surface,CRED-3PL,E,ASSAM,KARNATAKA,0.6992,0.6992,160.01
4/6/2024,9EL50084NLYGV,4/1/2024,3/27/2024,Found better price elsewhere,,Merchant,APPROVED,YEQ5W02RGW6PD,in_transit,1dc70fea-bf44-4a8b-9b9d-05b445968c19,unisex sports cap,ef5c7de8-ff6f-47ad-9c85-45874cb12113,fashion_93e,RETURNED,XTR-CAP-BG,5a4599bd-6546-4d92-a5d3-3a78fcaeb95c,xtrim,249,0.05,160.9671429,XTR560036A,583102,R817768748CRD,560036,MANAGED,,ShadowFax Reverse Qc,CRED-3PL,B,KARNATAKA,KARNATAKA,0.6992,0.6992,110
4/6/2024,YZP8W411X88YY,4/4/2024,3/27/2024,Defective item,,Merchant,APPROVED,J91YGR5GRLQR3,in_transit,f74c678b-b708-4d5c-bdcf-5aee8c7b6921,unisex sports cap,ef5c7de8-ff6f-47ad-9c85-45874cb12113,fashion_93e,RETURNED,XTR-CAP-BO,5a4599bd-6546-4d92-a5d3-3a78fcaeb95c,xtrim,249,0.05,152.9671429,XTR560036A,110016,R820087681CRD,560036,MANAGED,,ShadowFax Reverse Qc,CRED-3PL,C,DELHI,KARNATAKA,0.6992,0.6992,118
4/6/2024,,,3/27/2024,initiating refund due to item marked as RTO,,Merchant,,8J4VRQJGD9VV,,1dc70fea-bf44-4a8b-9b9d-05b445968c19,unisex sports cap,ef5c7de8-ff6f-47ad-9c85-45874cb12113,fashion_93e,RTO,XTR-CAP-BG,5a4599bd-6546-4d92-a5d3-3a78fcaeb95c,xtrim,249,0.05,145.2871429,XTR560036A,,,,MANAGED,,,,,,,0,0,0
4/7/2024,,,3/27/2024,initiating refund due to item marked as RTO,,Merchant,,WXJ3GN103JL46,,1dc70fea-bf44-4a8b-9b9d-05b445968c19,unisex sports cap,ef5c7de8-ff6f-47ad-9c85-45874cb12113,fashion_93e,RTO,XTR-CAP-BG,5a4599bd-6546-4d92-a5d3-3a78fcaeb95c,xtrim,249,0.05,153.2871429,XTR560036A,,,,MANAGED,,,,,,,0,0,0
4/7/2024,16R38D9DYP8Z1,4/6/2024,3/27/2024,Product received is different from the image shown,,Merchant,APPROVED,PXGLP4P85GGX,shipped,1dc70fea-bf44-4a8b-9b9d-05b445968c19,unisex sports cap,ef5c7de8-ff6f-47ad-9c85-45874cb12113,fashion_93e,RETURNED,XTR-CAP-BG,5a4599bd-6546-4d92-a5d3-3a78fcaeb95c,xtrim,249,0.05,150.2571429,XTR560036A,425409,5863582841,560036,MANAGED,,EcomExpress Reverse QC Surface,CRED-3PL,D,MAHARASHTRA,KARNATAKA,0.6992,0.6992,126
4/7/2024,0X8X11QGW600L,4/5/2024,3/27/2024,Defective item,,Merchant,APPROVED,6J84ZQYX8YYJY,shipped,f74c678b-b708-4d5c-bdcf-5aee8c7b6921,unisex sports cap,ef5c7de8-ff6f-47ad-9c85-45874cb12113,fashion_93e,RETURNED,XTR-CAP-BO,5a4599bd-6546-4d92-a5d3-3a78fcaeb95c,xtrim,249,0.05,158.2571429,XTR560036A,201301,5863582777,560036,MANAGED,,EcomExpress Reverse QC Surface,CRED-3PL,C,UTTAR PRADESH,KARNATAKA,0.6992,0.6992,118
4/8/2024,,,3/27/2024,initiating refund due to item marked as RTO,,Merchant,,4Q9GL6D23DEXY,,f74c678b-b708-4d5c-bdcf-5aee8c7b6921,unisex sports cap,ef5c7de8-ff6f-47ad-9c85-45874cb12113,fashion_93e,RTO,XTR-CAP-BO,5a4599bd-6546-4d92-a5d3-3a78fcaeb95c,xtrim,249,0.05,166.2571429,XTR560036A,,,,MANAGED,,,,,,,0,0,0
4/8/2024,,,3/27/2024,initiating refund due to item marked as RTO,,Merchant,,XQN6V0WZ00554,,1dc70fea-bf44-4a8b-9b9d-05b445968c19,unisex sports cap,ef5c7de8-ff6f-47ad-9c85-45874cb12113,fashion_93e,RTO,XTR-CAP-BG,5a4599bd-6546-4d92-a5d3-3a78fcaeb95c,xtrim,249,0.05,145.2871429,XTR560036A,,,,MANAGED,,,,,,,0,0,0
4/8/2024,,,3/27/2024,initiating refund due to item marked as RTO,,Merchant,,N6GR3VL2RVJY,,1dc70fea-bf44-4a8b-9b9d-05b445968c19,unisex sports cap,ef5c7de8-ff6f-47ad-9c85-45874cb12113,fashion_93e,RTO,XTR-CAP-BG,5a4599bd-6546-4d92-a5d3-3a78fcaeb95c,xtrim,249,0.05,158.2571429,XTR560036A,,,,MANAGED,,,,,,,0,0,0
4/9/2024,V0L6R6ZGY8P2N,4/9/2024,3/27/2024,Product received is different from the image shown,,Merchant,APPROVED,G6J8QY3RV5ED,in_transit,f74c678b-b708-4d5c-bdcf-5aee8c7b6921,unisex sports cap,ef5c7de8-ff6f-47ad-9c85-45874cb12113,fashion_93e,RETURNED,XTR-CAP-BO,5a4599bd-6546-4d92-a5d3-3a78fcaeb95c,xtrim,249,0.05,150.2571429,XTR560036A,470226,5863582957,560036,MANAGED,,EcomExpress Reverse QC Surface,CRED-3PL,D,MADHYA PRADESH,KARNATAKA,0.6992,0.6992,126
4/9/2024,6JEE61DRV06N3,4/9/2024,3/27/2024,Found better price elsewhere,,Merchant,APPROVED,DNJZ1P8Y00Y2,in_transit,e0768f9a-8329-4991-9f67-e326ccb99970,unisex sports cap,ef5c7de8-ff6f-47ad-9c85-45874cb12113,fashion_93e,RETURNED,XTR-CAP-GRY,5a4599bd-6546-4d92-a5d3-3a78fcaeb95c,xtrim,249,0.05,150.2571429,XTR560036A,413217,5863582996,560036,MANAGED,,EcomExpress Reverse QC Surface,CRED-3PL,D,MAHARASHTRA,KARNATAKA,0.8,0.8,126
4/9/2024,8LEE9GXP5N36,4/9/2024,3/27/2024,Product received is different from the image shown,,Merchant,APPROVED,LNERY4N01Z8W,non_serviceable,e0768f9a-8329-4991-9f67-e326ccb99970,unisex sports cap,ef5c7de8-ff6f-47ad-9c85-45874cb12113,fashion_93e,RETURN_REQUESTED,XTR-CAP-GRY,5a4599bd-6546-4d92-a5d3-3a78fcaeb95c,xtrim,249,0.05,145.2871429,XTR560036A,685553,,560036,MANAGED,,,,,KERALA,KARNATAKA,0.8,0,126
4/9/2024,,,3/27/2024,initiating refund due to item marked as RTO,,Merchant,,34ZZ56W30YX0,,1dc70fea-bf44-4a8b-9b9d-05b445968c19,unisex sports cap,ef5c7de8-ff6f-47ad-9c85-45874cb12113,fashion_93e,RTO,XTR-CAP-BG,5a4599bd-6546-4d92-a5d3-3a78fcaeb95c,xtrim,249,0.05,111.2871429,XTR560036A,,,,MANAGED,,,,,,,0,0,0
4/10/2024,Y66QEQ1ZD49J,4/9/2024,3/27/2024,Product received is different from the image shown,,Merchant,APPROVED,16PRW3L46E2PD,in_transit,f74c678b-b708-4d5c-bdcf-5aee8c7b6921,unisex sports cap,ef5c7de8-ff6f-47ad-9c85-45874cb12113,fashion_93e,RETURNED,XTR-CAP-BO,5a4599bd-6546-4d92-a5d3-3a78fcaeb95c,xtrim,249,0.05,150.2571429,XTR560036A,208011,5863582998,560036,MANAGED,,EcomExpress Reverse QC Surface,CRED-3PL,D,UTTAR PRADESH,KARNATAKA,0.6992,0.6992,126
4/10/2024,2DW29R2D0ZYXJ,4/9/2024,3/27/2024,Product received is different from the image shown,,Merchant,APPROVED,QQ165410V6NRD,shipped,1dc70fea-bf44-4a8b-9b9d-05b445968c19,unisex sports cap,ef5c7de8-ff6f-47ad-9c85-45874cb12113,fashion_93e,RETURNED,XTR-CAP-BG,5a4599bd-6546-4d92-a5d3-3a78fcaeb95c,xtrim,249,0.05,150.2571429,XTR560036A,534239,5863583030,560036,MANAGED,,EcomExpress Reverse QC Surface,CRED-3PL,D,ANDHRA PRADESH,KARNATAKA,0.6992,0.6992,126
4/10/2024,9E5535XZ3R9VW,4/9/2024,3/27/2024,Product received is different from the image shown,,Merchant,APPROVED,JX893Y0039EG,in_transit,1dc70fea-bf44-4a8b-9b9d-05b445968c19,unisex sports cap,ef5c7de8-ff6f-47ad-9c85-45874cb12113,fashion_93e,RETURNED,XTR-CAP-BG,5a4599bd-6546-4d92-a5d3-3a78fcaeb95c,xtrim,249,0.05,153.2871429,XTR560036A,110095,5863583025,560036,MANAGED,,EcomExpress Reverse QC Surface,CRED-3PL,C,DELHI,KARNATAKA,0.6992,0.6992,118
4/9/2024,,,4/5/2024,I found a cheaper price elsewhere,CUSTOMER,Merchant,,PYWY5XVVLLZZ,,668240b6-860e-43f3-ba42-65ff9b901d1f,backpack rain protection cover,668240b6-860e-43f3-ba42-65ff9b901d1f,fashion_93e,RTO,XTR-BRP-BLK,5a4599bd-6546-4d92-a5d3-3a78fcaeb95c,xtrim,189,0.18,139.0266102,XTR560036A,,,,MANAGED,,,,,,,0,0,0
4/9/2024,,,4/5/2024,I found a cheaper price elsewhere,CUSTOMER,Merchant,,P219PLVPWRVV1,,b4d85bcc-b991-4ece-962a-70ccc6bc6c01,Xmacho unisex leather gym gloves,23213afe-5629-4210-a593-fd3c3f487b68,fashion_93e,RTO,EF-XT-GG-XMACHO-XL,5a4599bd-6546-4d92-a5d3-3a78fcaeb95c,xtrim,329,0.18,281.8637288,XTR560036A,,,,MANAGED,,,,,,,0,0,0
4/4/2024,,,4/3/2024,I have placed the order by mistake,CUSTOMER,Merchant,,Q69JQ29GX0V59,,45dfce76-b69b-4eff-bc99-c0fde39371fe,motorbike gloves,a56d02b4-e6f8-40f0-9c8b-ea01f0101701,bike_accessories,CANCELLED,XTR-BG-BLK-NEO-XL,5a4599bd-6546-4d92-a5d3-3a78fcaeb95c,xtrim,699,0.18,673.2125424,XTR560036A,,,,MANAGED,,,,,,,0,0,0
4/9/2024,,,4/3/2024,initiating refund due to item marked as RTO,,Merchant,,9P4WVZVRQ0R00,,a6659100-ecc6-4039-ad78-8c0e1d151342,unisex inner helmet skull cap - pack of 2,a6659100-ecc6-4039-ad78-8c0e1d151342,fashion_93e,RTO,EF-XT-SKL-ONG-BLK-P2,5a4599bd-6546-4d92-a5d3-3a78fcaeb95c,xtrim,199,0.18,160.3971186,XTR560036A,,,,MANAGED,,,,,,,0,0,0
4/9/2024,,,4/3/2024,Fair usage policy breached,CRED,Merchant,,898XPRDLJ0RJ1,,45dfce76-b69b-4eff-bc99-c0fde39371fe,motorbike gloves,a56d02b4-e6f8-40f0-9c8b-ea01f0101701,bike_accessories,RTO,XTR-BG-BLK-NEO-XL,5a4599bd-6546-4d92-a5d3-3a78fcaeb95c,xtrim,699,0.18,626.2125424,XTR560036A,,,,MANAGED,,,,,,,0,0,0
4/9/2024,4QP5QJWY69Y1D,4/8/2024,4/3/2024,Found better price elsewhere,,Merchant,APPROVED,55Z232R25G1Z,picked,a6659100-ecc6-4039-ad78-8c0e1d151342,unisex inner helmet skull cap - pack of 2,a6659100-ecc6-4039-ad78-8c0e1d151342,fashion_93e,RETURNED,EF-XT-SKL-ONG-BLK-P2,5a4599bd-6546-4d92-a5d3-3a78fcaeb95c,xtrim,199,0.18,160.6271186,XTR560036A,522201,5863582930,560036,MANAGED,,EcomExpress Reverse QC Surface,CRED-3PL,D,ANDHRA PRADESH,KARNATAKA,0.012,0.012,67
4/10/2024,YJN55LJW1YQ,4/9/2024,4/2/2024,Incorrect product,,Merchant,APPROVED,ZDEE1JJLJRJQ,in_transit,45dfce76-b69b-4eff-bc99-c0fde39371fe,motorbike gloves,a56d02b4-e6f8-40f0-9c8b-ea01f0101701,bike_accessories,RETURNED,XTR-BG-BLK-NEO-XL,5a4599bd-6546-4d92-a5d3-3a78fcaeb95c,xtrim,699,0.18,626.2125424,XTR560036A,395009,5861376028,560036,MANAGED,,EcomExpress Reverse Surface,CRED-3PL,D,GUJARAT,KARNATAKA,0.275,0.275,79
4/10/2024,J90ZLPR6G989N,4/9/2024,3/28/2024,Product received is different from the image shown,,Merchant,APPROVED,E5RLQ22NWRNJ9,in_transit,0c7e04f3-317d-4395-9dc1-816c50512714,motorbike gloves,a56d02b4-e6f8-40f0-9c8b-ea01f0101701,bike_accessories,RETURNED,XTR-BG-BLK-NEO-M,5a4599bd-6546-4d92-a5d3-3a78fcaeb95c,xtrim,749,0.18,674.3650847,XTR560036A,342006,5863583003,560036,MANAGED,,EcomExpress Reverse QC Surface,CRED-3PL,D,RAJASTHAN,KARNATAKA,0.275,0.275,79
4/2/2024,RPELY54NJW0VV,4/2/2024,3/25/2024,Product received is different from the image shown,,Merchant,APPROVED,WPNZVXWP401X,in_transit,c0c8be81-695d-4a93-be7f-01b223f388fe,motorbike gloves,a56d02b4-e6f8-40f0-9c8b-ea01f0101701,bike_accessories,RETURNED,XTR-BG-BLK-NEO-L,5a4599bd-6546-4d92-a5d3-3a78fcaeb95c,xtrim,699,0.18,630.2125424,XTR560036A,110092,R817950263CRD,560036,MANAGED,,ShadowFax Reverse Qc,CRED-3PL,C,DELHI,KARNATAKA,0.275,0.275,75
4/4/2024,Z8D8P0JX3W922,4/3/2024,3/21/2024,Incorrect product,,Merchant,APPROVED,R5YREVWGP6ZP,in_transit,a6659100-ecc6-4039-ad78-8c0e1d151342,unisex inner helmet skull cap - pack of 2,a6659100-ecc6-4039-ad78-8c0e1d151342,fashion_93e,RETURNED,EF-XT-SKL-ONG-BLK-P2,5a4599bd-6546-4d92-a5d3-3a78fcaeb95c,xtrim,229,0.18,185.5486441,XTR560036A,249405,R819316350CRD,560036,MANAGED,,ShadowFax Reverse,CRED-3PL,D,UTTARAKHAND,KARNATAKA,0.012,0.012,67